{"stats":{"minecraft:custom":{"minecraft:time_since_rest":34,"minecraft:sprint_one_cm":4867,"minecraft:walk_one_cm":62042,"minecraft:mob_kills":1,"minecraft:drop":1,"minecraft:damage_dealt":46,"minecraft:fly_one_cm":165002,"minecraft:play_time":61905,"minecraft:sneak_time":120,"minecraft:jump":226,"minecraft:leave_game":1,"minecraft:time_since_death":61835,"minecraft:sleep_in_bed":1,"minecraft:total_world_time":63497,"minecraft:climb_one_cm":2935},"minecraft:dropped":{"minecraft:light":1},"minecraft:used":{"minecraft:light_blue_carpet":27,"minecraft:creeper_spawn_egg":16,"securitycraft:camera_monitor":2,"minecraft:ender_eye":58,"minecraft:bricks":10,"minecraft:flint_and_steel":42,"minecraft:command_block":1,"securitycraft:keypad_trapdoor":1,"minecraft:grass_block":11,"minecraft:barrier":3,"minecraft:quartz_block":10,"minecraft:spawner":12,"minecraft:ender_pearl":22,"minecraft:light_blue_bed":2,"minecraft:stone":75,"minecraft:ender_chest":6,"securitycraft:scanner_trapdoor":1,"securitycraft:keypad_door_item":2,"securitycraft:security_camera":4,"minecraft:quartz_stairs":6,"minecraft:bedrock":55,"luckytntmod:brickhouse_tnt":2,"minecraft:dirt":50,"minecraft:crafting_table":1,"minecraft:furnace":6,"securitycraft:reinforced_glass":8,"securitycraft:admin_tool":15,"securitycraft:reinforced_ladder":4,"minecraft:end_portal_frame":74,"securitycraft:alarm":1,"minecraft:obsidian":18},"minecraft:picked_up":{"minecraft:dandelion":1,"minecraft:light":1,"securitycraft:reinforced_ladder":1,"minecraft:wheat_seeds":2,"minecraft:light_blue_carpet":1,"minecraft:ender_eye":1}},"DataVersion":3953}